{
  "Log-likelihood": 46.39370632627137,
  "AIC": -56.78741265254274,
  "BIC": -2.23953006747891,
  "RMSE": 0.31248747693671325,
  "MAE": 0.18328069783396742,
  "Innov. std": 1.087413971340253,
  "Ljung-Box Q(10)": 17.13206353435634,
  "Ljung-Box p": 0.07149235224761046,
  "Jarque-Bera": 274.2975916268227,
  "Jarque-Bera p": 2.735487777019088e-60,
  "Latent µ medel-std": 0.06331831835364637,
  "Latent γ₀ medel-std": 0.055174917949916295
}