{
  "Log-likelihood": -380.60012563077635,
  "AIC": 769.2002512615527,
  "BIC": 781.3220029471224,
  "RMSE": 8.845559934684195,
  "MAE": 1.8520862249888967,
  "Innov. std": 0.815600903428225,
  "Ljung-Box Q(10)": 12.14058738891671,
  "Ljung-Box p": 0.2757577225336118,
  "Jarque-Bera": 4961.423992729048,
  "Jarque-Bera p": 0.0,
  "Latent µ medel-std": 0.09287439704338009,
  "Latent γ₀ medel-std": 0.07864639355138792
}